r,c,diam_px,ref_px,pds
6,359,2.0,12.0,83.33333334722222
5,427,4.0,10.198039027185569,60.77677301082473
1,484,2.0,4.590607784448862,56.43278429452248
